<?xml version="1.0" encoding="UTF-8"?><?xml-stylesheet type="text/css" href="idempiereDocument.css"?><idempiereDocument>
    <header>FTU Transformation Package Description</header>
    <H1>Package Name:</H1>
    <packagename>FTU Transformation</packagename>
    <H1>Author:</H1>
    <Name:/>
    <H1>Email Address:</H1>
    <Email/>
    <H1>Created:</H1>
    <Date>2020-02-27 22:15:32.718</Date>
    <H1>Updated:</H1>
    <Date>2020-03-10 08:07:24.468</Date>
    <H1>Description:</H1>
    <description>Personalizacion del proceso de transformación</description>
    <H1>Instructions:</H1>
    <instructions>Sin Instrucciones</instructions>
    <H1>Files in Package:</H1>
    <file>File: PackOut.xml</file>
    <filedirectory>Directory: \dict\</filedirectory>
    <filenotes>Notes: Contains all application/object settings for package</filenotes>
    <H1>Client:</H1>
    <Client>0-SYSTEM-System</Client>
</idempiereDocument>
